Street Address,Postal Code,Municipality,Date,Hearing Type,Rental,Units,Below Market Units,Replaced Units,Consistent w/ OCP,Decision,Support,Against,Notes
291 King George Terrace,V8S 2J8,Oak Bay,"July 29, 2024",,No,3,,1,Yes,Yes,"Murdoch,Appleton,Braithwaite,Green,Paterson,Watson",,Cllr Smart recused themselves from the meeting due to a previously perceived conflict of interest related to past employment 
1042/1044 Richardson Street,V8V 3C5,Victoria,"May 9, 2024",,Yes,20,2,5,No,Yes,"Alto,Caradonna,Dell,Kim,Loughton,Thompson","Coleman,Gardiner,Hammond",
900 Carlton and 900 Esquimalt,V9A 3M6,Esquimalt,"April 8, 2024",,Yes,272,,17,Yes,Yes,"Morrison,Armour,Rotchford,Helliwell,Desjardins","Boardman,Cavens","176 condo, 96 rental, 1M contribution to affordability"
958 Wollaston Street,V9A 5B2,Esquimalt,"February 26, 2024",,No,4,0,1,Yes,Yes,"Desjardins,Cavens,Armour,Boardman,Helliwell,Morrison,Rotchford",,no PH required
899 Esquimalt Rd,V9A 3M5,Esquimalt,"February 26, 2024",,No,16,,,No,No,"Desjardins,Armour,Helliwell","Cavens,Morrison,Rotchford",this was in addition to the previously approved 10 story condo building in 2020
937 View Street,V8V 3L5,Victoria,"February 22, 2024",,Yes,265,0,0,Yes,Yes,"Alto,Caradonna,Coleman,Dell,Kim,Loughton,Thompson","Gardiner,Hammond",
2249 McCoy Road,V8N 3X2,Saanich,"February 13, 2024",,Yes,119,119,12,No,Yes,"Murdock,Brice,Brownoff,Chambers,de Vries,Harper,Phelps Bondaroff,Plant,Westhaver",,CRHC
"251 Esquimalt Road, 355 Catherine Street and 210 Kimta Road",V9A 3S9,Victoria,"January 25, 2024",,,1900,215,0,No,Yes,"Alto,Caradonna,Thompson,Dell,Loughton,Kim,Coleman","Gardiner,Hammond",Roundhouse Development
624/628 Manchester Rd,V8T 2P1,Victoria,"December 14, 2023",,No,11,0,2,Yes,Yes,"Alto,Dell,Caradonna,Thompson,Coleman,Kim,Loughton,Hammond,Gardiner",,
1326 Pandora Avenue,V8V 3R5,Victoria,"December 14, 2023",,No,4,0,0,,Yes,"Alto,Caradonna,Coleman,Dell,Gardiner,Hammond,Kim,Loughton,Thompson",,
884 Lampson Street,V9A 6B5,Esquimalt,"December 4, 2023",,No,119,,5,Yes,Yes,"Desjardins,Armour,Boardman,Cavens,Helliwell,Morrison,Rotchford",,
1039 & 1043 Meares Street,V8V 3J7,Victoria,"November 23, 2023",,Yes,50,0,0,,Yes,"Alto,Caradonna,Dell,Gardiner,Hammond,Loughton,Thompson",,"Coleman, Kim absent"
623/625 Avalon Road,V8V 1N8,Victoria,"November 9, 2023",,Yes,1,0,0,,Yes,"Alto,Caradonna,Coleman,Gardiner,Hammond,Loughton,Thompson,Kim",,"Dell Absent, Garden Suite"
419 and 421 Stannard Avenue,V8S 3M6,Victoria,"October 12, 2023",,Yes,1,0,0,,Yes,"Alto,Caradonna,Coleman,Dell,Gardiner,Hammond,Loughton,Kim,Thompson",,Garden Suite
2848 and 2852 Shelbourne Street,V8R 4M4,Victoria,"October 12, 2023",,No,7,0,1,,Yes,"Alto,Caradonna,Coleman,Dell,Gardiner,Hammond,Loughton,Kim,Thompson",,
2326 Oak Bay Avenue,,Oak Bay,"October 10, 2023",,No,15,0,1,No,Yes,"Murdoch,Appleton,Braithwaite,Green,Paterson,Smart,Watson",,"approved, but not at public hearing"
1905 Lee Ave,V8R 4W9,Victoria,"September 28, 2023",,No,1,,,,Yes,"Alto,Dell,Caradonna,Kim,Thompson,Coleman,Gardiner,Hammond",,Loughton absent
1516 Camosen St & 1270 and 1286 Pandora Ave,V8V 3R4,Victoria,"September 28, 2023",,No,46,3,3,,Yes,"Alto,Dell,Caradonna,Kim,Thompson,Coleman,Gardiner,Hammond",,Loughton absent
734 Sea Terrace,V9A 3R6,Esquimalt,"September 11, 2023",,No,17,,1,Yes,Yes,"Desjardins,Armour,Boardman,Cavens,Helliwell","Rotchford,Morrison",
4201 Tyndall,V8N 3R9,Saanich,"August 15, 2023",,No,58,0,0,,Yes,"Phelps Bondaroff,de Vries,Harper,Brice,Murdock,Chambers,Brownoff,Plant",,Mena Westhaver absent
"820 Esquimalt Rd, 833 & 873 Old Esquimalt Rd",V9A 3M4,Esquimalt,"July 17, 2023",,Yes,135,,2,,Yes,"Desjardins,Boardman,Cavens,Helliwell,Morrison,Rotchford",,
"820 Esquimalt Road, 833 & 837 Old Esquimalt Road",V9A 3M4,Esquimalt,"July 17, 2023",,Yes,135,0,2,Yes,Yes,"Desjardins,Cavens,Helliwell,Armour,Rotchford,Boardman,Morrison",,2 live-work units
1768 Chandler Ave, V8S 1N6,Victoria,"June 22, 2023",,No,2,,1,,Yes,"Alto,Dell,Caradonna,Kim,Loughton,Thompson,Coleman,Gardiner,Hammond",,
1046 & 1048 North Park Street,V8T 1C6,Victoria,"June 22, 2023",,Yes,39,,1,,Yes,"Alto,Dell,Caradonna,Kim,Loughton,Thompson,Coleman,Gardiner,Hammond",,Supportive Housing
3405 Shelbourne Street,"V8P 4G1",Saanich,"June 20, 2023",,No,95,,4,Yes,Yes,"de Vries,Murdock,Phelps Bondaroff,Brice,Brownoff,Harper,Plant,Westhaver",Chambers,
450 Dallas Road,V8V 1B1,Victoria,"June 8, 2023",,Yes,54,,16,,Yes,"Alto,Dell,Caradonna,Kim,Thompson,Coleman,Gardiner,Loughton,Hammond",,
349 Kipling St & 1400 Fairfield Rd,"V8S 1E5",Victoria,"June 8, 2023",,No,9,,2,,Yes,"Alto,Dell,Caradonna,Kim,Thompson,Coleman,Loughton,Hammond",Gardiner,
225 Russell St,V9A 3X1,Victoria,"May 18, 2023",,Yes,40,40,0,,Yes,"Alto,Dell,Caradonna,Kim,Thompson,Coleman,Gardiner,Loughton,Hammond",,shelter to supportive housing
861 Kindersley Rd,"V9A 4N1",Esquimalt,"May 15, 2023",,No,5,,2,,Yes,"Cavens,Morrison,Rotchford,Armour,Desjardins",,Boardman and Helliwell absent
633 Belton Ave,"V9A 2Z5",Victoria,"May 11, 2023",,No,6,,1,,Yes,"Alto,Dell,Caradonna,Kim,Thompson,Loughton","Coleman,Gardiner,Hammond",
633 Belton Avenue,V9A 2Z5,Victoria,"May 11, 2023",,No,6,,1,Yes,Yes,"Alto,Caradonna,Kim,Dell,Thompson,Loughton","Hammond,Gardiner,Coleman",
817 Esquimalt Road,V9A 3M5,Esquimalt,"May 1, 2023",,Yes,12,,,,Yes,"Desjardins,Armour,Cavens,Boardman,Helliwell,Rotchford",,Morrison Absent
557 Simcoe St,V8V 1M2,Victoria,"April 27, 2023",,No,4,0,0,Yes,Yes,"Alto,Dell,Coleman,Caradonna,Gardiner,Kim,Loughton,Thompson,Hammond",,
1693-1699 Fort Street,V8R 1J2,Victoria,"April 13, 2023",,Yes,34,4,,,Yes,"Alto,Thompson,Dell,Loughton,Coleman,Gardiner,Caradonna,Kim",,Hammond absent
1045 Yates St,V8V 3M5,Victoria,"April 6, 2023",,Yes,526,80,0,,Yes,"Alto,Dell,Thompson,Loughton,Kim,Caradonna,Coleman,Gardiner",Hammond,Harris Green Phase 1
1114 & 1116 McClure St,V8V 3G2,Victoria,"March 9, 2023",,No,6,,2,,Yes,"Thompson,Dell,Loughton,Kim,Caradonna,Coleman,Gardiner,Alto",,Hammond recused
1025 Summit Ave,V8T 2P2,Victoria,"March 9, 2023",,No,1,0,0,,Yes,"Alto,Dell,Thompson,Loughton,Kim,Caradonna,Coleman,Gardiner,Hammond",,
485 Joffre St,V9A 6C7,Esquimalt,"March 6, 2023",,No,6,,,,Yes,"Desjardins,Armour,Boardman,Cavens,Helliwell,Morrison",Rotchford,
3977 Rainbow St,V8X 2A7,Saanich,"February 28, 2023",,No,25,0,3,Yes,Yes,"de Vries,Harper,Murdock,Brice,Phelps Bondaroff","Chambers,Plant,Brownoff,Westhaver",
906 Old Esquimalt Road,V9A 4X3,Esquimalt,"December 19, 2022",,No,5,,1,,Yes,"Cavens,Rotchford,Desjardins,Morrison,Helliwell",,Broadman and Armour Absent
2859 Richmond Road,V8R 4T8,Saanich,"November 29, 2022",,No,9,1,1,No,Yes,"de Vries,Chambers,Plant,Phelps Bondaroff,Murdock,Harper,Brice,Westhaver,Brownoff",,
902 Foul Bay Road,"V8S 4H8",Victoria,"September 8, 2022",,No,18,4,0,Yes,Yes,"Alto,Loveday,Helps,Isitt,Dubow,Potts","Young,Thornton-Joe",
1555 McKenzie,V8N 1A4,Saanich,"August 23, 2022",,Yes,384,0,0,Yes,Yes,"Plant,Harper,Haynes,de Vries,Taylor,Brice,Chambers",,
822 Catherine St,V9A 3V1,Victoria,"August 4, 2022",,Yes,31,3,9,,Yes,"Alto,Loveday,Helps,Thornton-Joe,Potts,Isitt,Dubow",Young,
11 Chown Place,V9A 1H5,Victoria,"July 28, 2022",,Yes,313,313,,,Yes,"Alto,Helps,Loveday,Thornton-Joe,Potts,Young,Isitt,Dubow",,OCP amendment for master plan
630 Gorge Rd W,V9A 1N5,Saanich,"July 12, 2022",,No,25,,,,Yes,"Plant,Harper,de Vries,Taylor,Mersereau,Haynes,Brice","Brownoff,Chambers",
"1641, 1647 McRae Ave & 3226 Shelbourne St",V8P 1H2,Saanich,"July 5, 2022",,No,87,,,,Yes,"Harper,Mersereau,de Vries,Taylor,Haynes,Brice,Plant,Brownoff,Chambers",,
"1207, 1211, 1215, 1217, 1219, 1221 Carlisle Ave, 512 & 522 Fraser St ad 1212, 1216, 1220, 1222, 1224 and 1226 Lyall St",V9A 5C7,Esquimalt,"June 27, 2022",,Yes,213,0,14,,Yes,"Helliwell,Armour,Vermeulen,Hundleby,Morrison",,"Braeme absent, Desjardin recused"
520 Normandy,V8S1G9,Saanich,"June 21, 2022",,Yes,68,0,1,Yes,Yes,"de Vries,Plant,Chambers,Mersereau,Taylor,Harper,Brice,Haynes",,
750 Enterprise Crescent,V8Z 6R4,Saanich,"June 21, 2022",,No,251,25,0,No,Yes,"Plant,Taylor,de Vries,Mersereau,Haynes,Brice,Brownoff,Harper",Chambers,
815-825 Selkirk Ave,V9A 2T7,Esquimalt,"June 13, 2022",,No,46,,,Yes,Yes,"Morrison,Vermeulen,Brame,Desjardins","Hundleby,Armour",
1025 Kings ,V8T 1W8,Victoria,"April 28, 2022",,Yes,56,56,15,Yes,Yes,"Alto,Loveday,Helps,Thornton-Joe,Potts,Young,Isitt,Dubow,Andrew",,
1075 Tillicum Road,V9A 2A4,Esquimalt,"April 25, 2022",,No,99,,,Yes,Yes,"Desjardins,Armour,Helliwell,Brame,Morrison","Vermeulen,Hundleby",
1022 Summit Ave,V8T 2P3,Victoria,"April 14, 2022",,Yes,3,0,2,Yes,Yes,"Alto,Loveday,Helps,Thornton-Joe,Potts,Isitt,Dubow,Andrew",,"House conversion. Owner will occupy one unit, others will be rented. Young absent."
"110 Menzies St, 111 Croft St, 450-458 Niagara St",V8V 1L8,Victoria,"March 24, 2022",,Yes,137,0,45,Yes,Yes,"Alto,Loveday,Helps,Thornton-Joe,Potts,Young,Isitt,Dubow,Andrew",,$75k contribution to affordable housing reserve fund
1344 Thurlow Rd,V8S 1L6,Victoria,"March 10, 2022",,No,3,0,1,Yes,Yes,"Alto,Loveday,Helps,Thornton-Joe,Potts,Young,Isitt,Dubow,Andrew",,Secondary suite included
880 Fleming St.,V9A 5V4,Esquimalt,"March 7, 2022",,Yes,45,28,,,Yes,"Desjardins,Armour,Helliwell,Brame,Vermeulen","Morrison,Hundleby","42 rental units, 3 strata"
820 Dunsmir Rd.,V9A 5By,Esquimalt,"March 7, 2022",,No,7,,,,Yes,"Brame,Morrison,Vermeulen,Hundleby,Armour,Helliwell,Desjardins",,
496 and 498 cecelia rd & 3130 Jutland rd,V8T 4T5,Victoria,"February 24, 2022",,Yes,88,88,0,No,Yes,"Alto,Loveday,Helps,Thornton-Joe,Potts,Young,Isitt,Dubow,Andrew",,
1475 Fort St,V8S 1Z4,Victoria,"February 24, 2022",,Yes,32,4,0,Yes,Yes,"Alto,Loveday,Helps,Potts,Isitt,Dubow,Andrew","Young,Thornton-Joe",
1124 Vancouver St and 941/953 View St,V8V 3W2,Victoria,"February 10, 2022",,Yes,162,,0,Yes,Yes,"Alto,Loveday,Helps,Thornton-Joe,Potts,Young,Isitt,Dubow,Andrew",,
137/139 Robertson St and 1848/1850 Hollywood Cr,V8S 3X2,Victoria,"February 10, 2022",,Yes,4,,4,Yes,Yes,"Alto,Loveday,Helps,Potts,Isitt,Dubow,Andrew","Thornton-Joe,Young",
"167, 169, 171 Island Hwy.",V9B 1G2,View Royal,"February 1, 2022",,Yes,84,,3,Yes,Yes,"Kowalewich,Screech,Rogers,Lemon",Mattson,
931 McClure St,V8V 3E8,Victoria,"January 27, 2022",,No,7,0,1,Yes,Yes,"Alto,Loveday,Thornton-Joe,Potts,Young,Isitt,Dubow,Andrew",,Helps away
5176 Rambler Road,V8Y 2H3,Saanich,"January 24, 2022",,No,1,0,0,Yes,Yes,"Plant,Chambers,Haynes,Mersereau,de Vries,Brownoff,Harper,Brice,Taylor",,Hearing waived; Lot split
975 and 983 Pandora Ave,V8V 3P4,Victoria,"January 13, 2022",,Yes,121,0,,Yes,Yes,"Alto,Loveday,Helps,Thornton-Joe,Potts,Young,Isitt,Dubow,Andrew",,co-living units make up a portion of the units
580 and 582 Niagara St,V8V 1H7,Victoria,"January 13, 2022",,Yes,2,,0,Yes,Yes,"Alto,Loveday,Helps,Thornton-Joe,Potts,Young,Isitt,Dubow,Andrew",,"application to bring non-compliant 4-plex into compliance. Agreement to make the two, currently illegal units, rental for 10 years."
3956 Shelbourne St,V8N 3E1,Saanich,"November 16, 2021",,Yes,597,60,0,,Yes,"Plant,Harper,Taylor,Mersereau,Brownoff,Chambers,Haynes,de Vries,Brice",,
"877 and 879 Dunsmuir Road and 538, 534, and 530 West Bay Terrace",V9A 5C2,Esquimalt,"November 15, 2021",,Yes,105,0,20,Yes,Yes,"Helliwell,Morrison,Brame,Armour,Desjardins","Hundleby,Vermeulen",
1235 Caledonia,V8T 3K7,Victoria,"October 28, 2021",,Yes,154,154,22,,Yes,"Alto,Loveday,Dubow,Andrew,Thornton-Joe,Isitt,Potts",Young,
"1120, 1124, 1128 Burdett Ave",V8V3H2,Victoria,"October 14, 2021",,Yes,42,,3,,Yes,"Helps,Thornton-Joe,Loveday,Potts,Alto,Andrew","Young,Dubow",Isitt did not vote due to conflict
3926 Grange Rd,V8Z 4T7,Saanich,"September 21, 2021",,No,1,0,0,Yes,Yes,"Chambers,Brownoff,Haynes,Plant,Brice,Taylor,Mersereau,de Vries,Harper",,"Lot split, existing home retained."
1970 Kings Rd,V8R 2P5,Saanich,"September 21, 2021",,No,2,0,1,Yes,Yes,"Chambers,Brownoff,Haynes,Plant,Brice,Taylor,Mersereau,de Vries,Harper",,Duplex replacing a SFH
3839/3851/3861 Quadra St,V8X 1H8,Saanich,"September 21, 2021",,No,77,0,3,No,Yes,"Harper,Haynes,Mersereau,de Vries,Taylor,Chambers,Brownoff,Brice,Plant",,
"819, 821 and 823 Esquimalt Rd.",V9A 3M5,Esquimalt,"August 30, 2021",,Yes,92,,,,Yes,"Desjardins,Hundleby,Vermeulen,Morrison,Brame,Helliwell",Armour,55+
1544 Christmas Ave,V8P 2X2,Saanich,"August 23, 2021",,No,24,0,0,,Yes,"Plant,Brice,Haynes,Mersereau,de Vries,Harper","Chambers,Brownoff,Taylor","Chambers absent, but lead efforts to oppose, so noted as opposed."
1/21 Obed Ave,V9A 1J3,Saanich,"August 10, 2021",,Yes,26,0,,,Yes,"Chambers,Brice,Brownoff,Haynes,de Vries,Harper",,"TODO:  Confirm once minutes are released if there were absences (Taylor, Mersereau, Plant)"
1314/1318 Wharf St,V8W 1T3,Victoria,"August 5, 2021",,Yes,47,0,,No,Yes,"Helps,Potts,Alto,Andrew,Loveday","Young,Isitt,Thornton-Joe,Dubow",Northern Junk
701 Tyee Rd,V9A 0B4,Victoria,"July 15, 2021",,No,38,0,,Yes,Yes,"Helps,Potts,Young,Alto,Isitt,Dubow,Andrew,Thornton-Joe,Loveday",,28 units are two bedroom
324/328 Cook St,V8V 3X7,Victoria,"July 15, 2021",,,48,0,,Yes,Yes,"Helps,Alto,Andrew,Thornton-Joe,Young","Isitt,Dubow,Loveday",
669 Constance Ave,V9A 6N9,Esquimalt,"July 12, 2021",,No,83,6,,,Yes,"Morrison,Vermeulen,Desjardins,Armour,Hundleby,Helliwell",,Braeme Absent
2740/2742 Fifth St,V8T 4B2,Victoria,"June 24, 2021",,Yes,1,0,,No,Yes,"Helps,Potts,Young,Alto,Isitt,Dubow,Andrew,Thornton-Joe,Loveday",,3 bedroom home being added to parcel with existing duplex. Built to be passive. Legal agreement to be rental for 10 years. Alto conflict; Dubow/Isitt absent
2440 and 2448 Richmond Rd,V8R 4S3,Victoria,"June 24, 2021",,Yes,22,0,,No,Yes,"Helps,Loveday,Thornton-Joe,Potts,Young,Andrew",,one unit secured as adaptable and one accessible parking stall. Alto conflict; Isitt/Dubow absent.
4744 Elk Lake Dr, V8Z 5M1,Saanich,"June 17, 2021",,,242,43,,No,Yes,"de Vries,Haynes,Mersereau,Taylor,Harper,Plant,Brice","Chambers,Brownoff",
415 and 435 Michigan St,V8V 1R9,Victoria,"June 10, 2021",,Yes,24,2,,Yes,Yes,"Helps,Alto,Loveday,Thornton-Joe,Young,Andrew",Dubow,Potts and Isitt conflict due to vicinity to their residence/family property
1475 Fort St, V8S 1Z4,Victoria,"June 10, 2021",,Yes,32,0,,Yes,No,"Helps,Alto,Loveday,Potts","Thornton-Joe,Young,Dubow,Isitt,Andrew","There were non-market units attached to this project, but they were contingent on post-application discussions with Island Health"
931 McLure,V8V 3E8,Victoria,"June 5, 2021",,,15,2,,Yes,No,"Helps,Loveday,Alto,Potts","Young,Thornton-Joe,Isitt,Dubow,Andrew",
1100/1104/1108 Esquimalt Rd & 610/612 Lampson St,V9A 3N4,Esquimalt,"May 17, 2021",,No,89,,,Yes,Yes,"Desjardins,Armour,Brame,Helliwell,Hundleby",Morrison,Vermuelen conflict
1029 Queens Ave,V8T 1M7,Victoria,"May 13, 2021",,Yes,2,2,,Yes,Yes,"Helps,Alto,Loveday,Thornton-Joe,Potts,Young,Dubow,Isitt,Andrew",,
430 Powell St,V8V 2J4,Victoria,"May 13, 2021",,No,2,0,,Yes,Yes,"Helps,Alto,Loveday,Thornton-Joe,Potts,Young,Dubow,Isitt,Andrew",,
2747 Asquith St,V8R 3Y6,Victoria,"May 13, 2021",,Yes,1,0,,Yes,Yes,"Helps,Alto,Loveday,Thornton-Joe,Potts,Young,Dubow,Isitt,Andrew",,
3700 Cedar Hill Rd, V8P 3Z1,Saanich,"May 11, 2021",,Yes,85,85,,,Yes,"Brownoff,Chambers,Plant,Brice,Haynes,de Vries,Harper,Mersereau,Taylor",,
3400 Tillicum Rd,V8Z 4H3,Saanich,"May 11, 2021",,Yes,242,10,,,Yes,"de Vries,Taylor,Haynes,Plant,Harper,Brice,Brownoff,Mersereau",Chambers,On top of previous bingo hall
1913 and 1915 Fernwood Rd,V8T 2Y6,Victoria,"April 22, 2021",,No,2,0,,Yes,Yes,"Alto,Helps,Loveday,Thornton-Joe,Potts,Young,Dubow,Andrew",Isitt,
3120 Washington Ave,V9A 1P6,Victoria,"April 22, 2021",,No,8,0,,Yes,Yes,"Helps,Loveday,Thornton-Joe,Potts,Young,Dubow,Isitt",,Alto/Andrew conflict b/c of property ownership
1150 Cook St,V8V 3Z9,Victoria,"April 8, 2021",,No,129,0,,Yes,Yes,"Alto,Helps,Loveday,Potts,Andrew","Thornton-Joe,Young,Isitt,Dubow",
3656 Raymond St,V8Z 4J8,Saanich,"March 25, 2021",,No,59,6,,Yes,No,"Mersereau,de Vries,Harper,Taylor","Chambers,Brownoff,Brice,Haynes,Plant",
"3080, 3082, 3090 Washington Ave",V9A 1P6,Victoria,"March 25, 2021",,,34,0,,No,Yes,"Alto,Helps,Loveday,Thornton-Joe,Young,Potts,Dubow,Isitt,Andrew",,21 three bedroom units. 2 four bedroom units. 
1114 Rockland Ave,V8V 3H7,Victoria,"March 25, 2021",,No,22,2,,Yes,Yes,"Alto,Helps,Loveday,Thornton-Joe,Potts,Dubow,Isitt,Andrew",Young,$144k contribution to housing reserve fund/amenities
1628 Edgeware Rd,V8T 2J8,Victoria,"March 11, 2021",,Yes,7,0,,Yes,Yes,"Alto,Helps,Loveday,Thornton-Joe,Potts,Dubow,Isitt,Andrew",Young,Rest home
842 Carrie St,V9A 5R4,Esquimalt,"March 1, 2021",,No,2,,,,Yes,"Vermeulen,Morrison,Brame,Hundleby,Desjardins,Armour,Helliwell",,"Subdivide lot, add suite to existing home"
1035 Joan Crescent,V8S 3L3,Victoria,"February 25, 2021",,No,2,0,,Yes,Yes,"Alto,Helps,Loveday,Thornton-Joe,Young,Potts,Dubow,Isitt",,Andrew absent
298 Island Hwy.,V9B 1G5,View Royal,"February 16, 2021",,No,54,,0,Yes,Yes,"Kowalewich,Screech,Mattson,Lemon,Rogers",,
2700 Avebury Ave,V8R 3W4,Victoria,"February 11, 2021",,No,1,0,,Yes,Yes,"Helps,Loveday,Thornton-Joe,Potts,Andrew","Young,Dubow,Isitt",Alto absent
3661 Tillicum Rd,V8Z 4H7,Saanich,"February 9, 2021",,No,2,0,,Yes,Yes,"Taylor,Chambers,Brownoff,Brice,Haynes,Plant,Harper","Mersereau,de Vries",
5229 Cordova Bay Rd,V8Y 2K7,Saanich,"February 9, 2021",,No,20,0,,,Yes,"Brownoff,Brice,Haynes,Plant,Mersereau,de Vries,Harper,Taylor",Chambers,
1224 Richardson St,V8V 3E1,Victoria,"January 28, 2021",,,24,24,,Yes,Yes,"Alto,Helps,Loveday,Potts,Dubow,Isitt,Andrew","Thornton-Joe,Young",
956 Heywood Ave, V8V 2Y4,Victoria,"January 28, 2021",,No,6,0,,Yes,Yes,"Alto,Helps,Loveday,Thornton-Joe,Young,Potts,Dubow,Isitt,Andrew",,
429 and 431 Parry St,V8V 2H8,Victoria,"January 28, 2021",,No,4,0,,Yes,Yes,"Alto,Helps,Loveday,Thornton-Joe,Young,Potts,Dubow,Isitt,Andrew",,
669 Constance Ave,V9A 6N9,Esquimalt,"January 12, 2021",,Yes,83,6,,,Yes,"Hundleby,Desjardins,Armour,Vermeulen,Morrison,Helliwell",,Braeme absent
1899 Townley, V8R 3A8,Saanich,"January 12, 2021",,No,2,0,,Yes,Yes,"Chambers,Brownoff,Brice,Haynes,Plant,Mersereau,de Vries,Harper,Taylor",,Lot split
271 Battleford Ave,V8Z 1K7,Saanich,"January 12, 2021",,No,1,0,,Yes,Yes,"Chambers,Brownoff,Brice,Haynes,Plant,Mersereau,Harper,Taylor",de Vries,"Lot split, original house retained."
300 Gorge Road W, V9A 1M8,Saanich,"January 12, 2021",,No,53,0,,Yes,Yes,"Chambers,Brownoff,Brice,Haynes,Plant,de Vries,Mersereau,Harper,Taylor",,
1048 Tillicum Rd,V9A 2A3,Esquimalt,"January 11, 2021",,No,5,,2,,Yes,"Vermeulen,Morrison,Brame,Hundleby,Desjardins,Armour,Helliwell",,
1050-1058 Pandora Ave and 1508-1518 Cook St,V8V 3P5,Victoria,"December 10, 2020",,Yes,103,0,,Yes,Yes,"Alto,Helps,Loveday,Thornton-Joe,Young,Isitt",Potts,Dubow absent
"43, 45, and 55 Gorge Road E and 2827, 2829, and 2831 Irma St",V9A 1L1,Victoria,"December 10, 2020",,Yes,153,0,,Yes,Yes,"Alto,Helps,Loveday,Thornton-Joe,Young,Potts,Isitt",,Dubow absent
"1908, 1916, and 1920 Oak Bay Ave",V8R 1C7,Victoria,"December 10, 2020",,,35,0,,Yes,Yes,"Alto,Helps,Loveday,Thornton-Joe,Young,Potts",Isitt,Dubow absent
1023 Tolmie Ave,V8X 2H2,Victoria,"December 10, 2020",,,1,0,,Yes,Yes,"Alto,Helps,Loveday,Thornton-Joe,Young,Potts,Isitt",,Dubow absent
874 Fleming St.,V9A 5V3,Esquimalt,"December 7, 2020",,Yes,137,137,,Yes,Yes,"Morrison,Vermeulen,Armour,Hundleby,Desjardins,Helliwell",,"BC Housing, Braeme absent"
"324/328 Cook St and 1044, 1048, 1052/1054 Pendergast St",V8V 3X7,Victoria,"November 26, 2020",,No,48,0,,Yes,No,"Alto,Helps,Thornton-Joe,Young","Loveday,Potts,Isitt,Dubow",
1899 Townley Street,V8R 3A8,Saanich,"November 17, 2020",,No,2,0,,,Yes,"Brice,Brownoff,Chambers,de Vries,Mersereau,Harper,Plant,Taylor,Haynes",,"Lot split, 2 new SFH; CA support provided secondary suites not permitted"
9 Erskin Lane,V8Z 1R7,View Royal,"November 17, 2020",,Yes,336,33,,,Yes,"Lemon,Kowalewich,Screech,Rogers,Mattson",,
2639 Fifth St,V8T 4X6,Victoria,"November 12, 2020",,Yes,1,0,,Yes,Yes,"Alto,Helps,Loveday,Thornton-Joe,Young,Potts,Dubow",,Isitt absent
330-336 Michigan St,V8V 1R5,Victoria,"October 22, 2020",,Yes,97,97,,Yes,Yes,"Alto,Helps,Loveday,Thornton-Joe,Young,Dubow",,Isitt and Potts conflict
334 Dallas Rd,V8V 1A8,Victoria,"October 22, 2020",,Yes,3,0,,Yes,Yes,"Alto,Helps,Loveday,Thornton-Joe,Young,Potts,Dubow,Isitt",,
736 Princess Ave,V8T 1K6,Victoria,"October 22, 2020",,Yes,28,28,,Yes,Yes,"Alto,Helps,Loveday,Thornton-Joe,Young,Potts,Dubow,Isitt",,
1565 Mileva Lane,V8N 2V6,Saanich,"October 20, 2020",,No,2,0,,Yes,Yes,"Brice,de Vries,Mersereau,Harper,Plant,Taylor,Haynes",Chambers,"Brownoff Absent; Lot split to 2 new SFH, no original structures"
2920 Prior St, V8T 3Y5,Victoria,"October 8, 2020",,No,2,0,,Yes,Yes,"Alto,Helps,Loveday,Potts,Thornton-Joe,Young,Dubow,Isitt",,
202 Raynor Ave,V9A 3A2,Victoria,"September 17, 2020",,No,1,0,,Yes,Yes,"Alto,Helps,Loveday,Potts,Young,Isitt",Thornton-Joe,Dubow absent
4829 Cordova Bay Road,V8Y 2J8,Saanich,"September 15, 2020",,No,2,0,1,Yes,Yes,"Brice,Brownoff,Plant,de Vries,Mersereau,Harper,Taylor,Haynes",Chambers,Lot split to 2 new SFH; applicant contributed $900.0 to plant 3 trees in Cordova Bay area
2558 Quadra St,V8T 4E2,Victoria,"September 3, 2020",,Yes,40,40,,Yes,Yes,"Alto,Helps,Loveday,Potts,Thornton-Joe,Young,Dubow,Isitt",,
2649-2659 Douglas St and 735 Hillside Ave,V8T 4M3,Victoria,"August 6, 2020",,Yes,151,0,,Yes,Yes,"Alto,Helps,Loveday,Potts,Thornton-Joe,Young,Dubow,Isitt",,
2251 Lydia St,V8R 4K6,Victoria,"August 6, 2020",,No,2,0,,Yes,Yes,"Alto,Helps,Loveday,Potts,Thornton-Joe,Young,Dubow,Isitt",,
1015 Cook St,V8V 3Z6,Victoria,"July 23, 2020",,Yes,31,0,,Yes,Yes,"Alto,Helps,Loveday,Potts,Thornton-Joe,Dubow,Isitt",Young,
913-929 Burdett ave and 914-924 McClure St,V8V 3G6,Victoria,"July 23, 2020",,Yes,132,5,,Yes,Yes,"Alto,Loveday,Helps,Potts,Thornton-Joe,Young,Dubow",Isitt,26 units are assisted living units
4595 Cordova Bay Road,V8X 3V6,Saanich,"July 14, 2020",,No,2,0,1,,Yes,"Brice,Brownoff,Plant,de Vries,Mersereau,Harper,Haynes","Chambers,Taylor",Lot split to 2 new SFH; Geotechnical covenant required
195 Kamloops Avenue,V8Z 1W4,Saanich,"July 14, 2020",,No,2,0,1,,Yes,"Brice,Brownoff,Chambers,de Vries,Harper,Mersereau,Plant,Taylor,Haynes",,SFH replaced with duplex; devel incl. new sidewalk on Seaton St and road improvements Seaton and Kamloops streets
"616, 620 Constance Av 619, 623 Nelson St, 1326 Miles St",V9A 6N7,Esquimalt,"July 13, 2020",,Yes,129,8,,Yes,Yes,"Desjardins,Armour,Brame,Helliwell,Hundleby,Vermeulen",Morrison,3 special needs units
1302 Finlayson St,V8T 2V6,Victoria,"July 9, 2020",,No,1,0,,Yes,Yes,"Alto,Helps,Loveday,Potts,Young,Thornton-Joe,Dubow,Isitt",,
1023 Tolmie Ave,V8X 2H2,Victoria,"July 9, 2020",,No,1,0,,Yes,No,"Alto,Helps","Loveday,Potts,Young,Thornton-Joe,Dubow,Isitt",Motion to refer passed (Helps & Alto against)
"3,5,9 Helmcken Road",V9E 2E2,View Royal,"July 7, 2020",,No,247,,16,Yes,Yes,"Mattson,Rogers,Screech,Kowalewich",Lemon,
11 Chown Place,V9A 1H5,Victoria,"June 25, 2020",,Yes,58,58,,Yes,Yes,"Alto,Helps,Loveday,Potts,Young,Thornton-Joe,Dubow,Isitt",,
3281 Cedar Hill Road,V8P 3Y5,Saanich,"June 16, 2020",,No,4,0,0,Yes,Yes,"de Vries,Mersereau,Brice,Harper,Taylor,Haynes","Brownoff,Chambers,Plant","Empty lot to 2 SFH and 1 duplex; $12,000 contribution to Saanich Affordable Housing Fund"
3200 Linwood Avenue,V8X 1E4,Saanich,"June 16, 2020",,Yes,97,,,,Yes,"Brice,Brownoff,de Vries,Mersereau,Plant,Harper,Chambers,Taylor,Haynes",,4-storey affordable seniors complex; $11 million of suites purchase by BC Housing through PRHC
1301 Hillside Ave,V8T 5G1,Victoria,"June 11, 2020",,No,49,9,,Yes,Yes,"Alto,Helps,Loveday,Potts,Young,Thornton-Joe,Dubow",Isitt,
3020 Douglas St and 684 Burnside Road E,V8T 4N4,Victoria,"June 11, 2020",,Yes,154,154,,Yes,Yes,"Alto,Helps,Loveday,Potts,Young,Thornton-Joe,Dubow,Isitt",,
4082 Dawnview Crescent,V8N 5K1,Saanich,"June 2, 2020",,No,3,0,0,,Yes,"Brice,Brownoff,de Vries,Chambers,Plant,Harper,Mersereau,Taylor,Haynes",,Empty lot split 3 ways; no postal code
"3914 Shelbourne Street and 1540, 1546, 1550 Stockton Crescent",V8P 4J1,Saanich,"June 2, 2020",,No,102,,,Yes,Yes,"Brice,Brownoff,Chambers,de Vries,Mersereau,Harper,Taylor,Plant,Haynes",,"One 6-storey building with 65 units, one 4-storey building with 37 units; creates bike lane, pedestrian walkway, boulevard; development permit not ratified at June meeting, final reading December 14, 2020."
1239 Union Road,V8P 2J5,Saanich,"June 2, 2020",,No,1,0,0,,Yes,"Brice,Brownoff,Chambers,de Vries,Harper,Mersereau,Plant,Taylor,Haynes",,Lot split; Keeping current house with improvements
1700 Blanshard St, V8W 2J1,Victoria,"May 28, 2020",,Yes,245,49,,Yes,Yes,"Alto,Helps,Loveday,Potts,Young,Thornton-Joe","Dubow,Isitt",Below market rentals only guaranteed for 16 years
636 & 640 Drake Ave,V9A 6K5,Esquimalt,"March 16, 2020",,No,7,,2,,Yes,"Desjardins,Brame,Helliwell,Hundleby,Morrison,Vermeulen",Armour,
514 & 518 Sumas Street,V8T 4S3,Victoria,"February 27, 2020",,,8,0,,Yes,No,"Alto,Helps,Loveday,Potts","Young,Thornton-Joe,Dubow,Isitt",
"1309/1315 Cook St, 1100-1120 Yates St, 1109-115 Johnson St",V8V 4A3,Victoria,"February 27, 2020",,,217,104,,No,Yes,"Alto,Helps,Loveday,Potts,Young,Thornton-Joe","Dubow,Isitt",
1442 Elford St,V8S 3S8,Victoria,"February 13, 2020",,,5,0,,Yes,Yes,"Alto,Helps,Loveday,Potts,Young,Thornton-Joe,Isitt,Dubow",,SFH conversion
1017-1023 Cook St,V8V 3Z6,Victoria,"February 13, 2020",,Yes,2,0,,Yes,Yes,"Alto,Helps,Loveday,Potts,Young,Thornton-Joe,Dubow",,Isitt absent
3905 Hobbs Street,V8N 4C8,Saanich,"February 11, 2020",,No,1,0,0,,Yes,"Brice,Brownoff,de Vries,Chambers,Plant,Taylor,Harper,Mersereau,Haynes",,"Lot split, original SFH retained; requested existing building designation as Municipal Heritage Site"
1216 Richardson St,V8V 3E1,Victoria,"January 23, 2020",,,2,0,,Yes,Yes,"Alto,Helps,Loveday,Young,Thornton-Joe,Isitt,Dubow",,Potts absent
7 Erskin Lane,V8Z 7J7,View Royal,"January 21, 2020",,No,71,0,,Yes,Yes,"Rogers,Lemon,Kowalewich,Screech",Mattson,
1702 Fernwood Ave,V8V 4P5,Victoria,"January 9, 2020",,,3,0,,Yes,Yes,"Alto,Potts,Loveday,Young,Thornton-Joe,Isitt,Dubow",,conversion of a SFH to a triplex; Helps conflict
1072 Colville Rd,V9A 4P7,Esquimalt,"December 16, 2019",,No,2,,1,Yes,Yes,"Morrison,Brame,Vermeulen,Helliwell,Hundleby,Armour",,Desjardins absent
1076 Colville Rd,V9A 4P7,Esquimalt,"December 16, 2019",,No,2,,1,Yes,Yes,"Morrison,Brame,Vermeulen,Helliwell,Hundleby,Armour",,Desjardins absent
953 Balmoral Road,V8T 1A7,Victoria,"December 12, 2019",,Yes,11,2,,Yes,Yes,"Alto,Loveday,Helps,Potts,Thornton-Joe",Isitt,"Dubow Absent, Young Conflict"
1139 Burdett Ave,V8V 3H3,Victoria,"December 12, 2019",,Yes,7,0,0,Yes,Yes,"Alto,Helps,Loveday,Thornton-Joe,Young,Potts,Isitt",,Dubow Absent.  House conversion with addition
"2931, 2947 Qu'Appelle Street",V9A 1V3,Saanich,"December 10, 2019",,Yes,44,44,,,Yes,"Harper,Haynes,Chambers,Brice,Brownoff,Plant,de Vries,Mersereau,Taylor",,"One 4-storey and one 3-storey rental residential bldng; $8800 contributed to Gorge Park improvements; affordable housing for 10 years, not perpetuity"
1821 Midgard Avenue,V8P 2Z1,Saanich,"December 10, 2019",,No,2,0,,,Yes,"de Vries,Harper,Haynes,Brice,Mersereau,Taylor,Plant","Brownoff,Chambers",Construction of duplex
937 Colville Rd,V9A 4P4,Esquimalt,"December 2, 2019",,No,6,,1,Yes,Yes,"Morrison,Brame,Vermeulen,Helliwell,Hundleby,Desjardins,Armour",,
681 and 685 Admirals Rd,V9A 2N9,Esquimalt,"December 2, 2019",,Yes,48,,,,Yes,"Morrison,Brame,Helliwell,Hundleby,Desjardins,Armour",Vermeulen,
"208/210, 220, 230 and 240/242 Wilson Street",V9A 7N6,Victoria,"November 28, 2019",,No,34,2,,Yes,Yes,"Alto,Helps,Loveday,Thornton-Joe,Young,Potts,Dubow,Isitt",,"Replaced single family, duplex and multiplex"
605 - 629 Speed Ave & 606-618 Frances Ave,V8Z 1A5,Victoria,"November 28, 2019",,No,247,10,,No,Yes,"Helps,Alto,Loveday,Thornton-Joe,Young,Potts,Dubow,Isitt",,
1811 Oak Bay Ave,V8R 1C1,Victoria,"November 28, 2019",,No,14,,5,Yes,Yes,"Helps,Alto,Loveday,Thornton-Joe,Young,Potts,Dubow,Isitt",,Units secured as rentals for 10 years
1210 Haultain St,V8T 1V7,Victoria,"November 28, 2019",,No,2,,1,Yes,Yes,"Helps,Alto,Loveday,Thornton-Joe,Young,Potts,Isitt,Dubow",,Old owner occupied home demoed for building of new duplex
899 Esquimalt Rd,V9A 3M5,Esquimalt,"November 25, 2019",,No,69,,,,Yes,"Morrison,Desjardins,Vermeulen,Armour","Brame,Hundleby,Helliwell","10 years of subsidized rent for tenants of health care clinic, rest is condos"
2220 Cook St, V8T 3R2,Victoria,"November 14, 2019",,No,3,,,Yes,Yes,"Helps,Alto,Dubow,Isitt,Loveday,Thornton-Joe,Potts,Young",,"Subdivide lot, retaining existing apartment and construct triplex on new lot"
2708 Graham St & 1050-1054 Hillside Ave, V8T 3Z2,Victoria,"October 24, 2019",,No,4,,0,Yes,Yes,"Helps,Loveday,Alto,Thornton-Joe,Potts,Young,Dubow,Isitt",,
1025-1031 Johnson St & 1050 Yates St,V8V 3N7,Victoria,"October 24, 2019",,Yes,130,130,,No,Yes,"Helps,Alto,Loveday,Thornton-Joe,Young,Potts,Isitt,Dubow",,OCP Amendment
589 Toronto St, V8V 1P1,Victoria,"October 10, 2019",,Yes,1,,,Yes,Yes,"Helps,Loveday,Alto,Thornton-Joe,Potts,Young,Dubow,Isitt",,Converting existing duplex into 3 unit building
561 and 565 Toronto St,V8V 1P1,Victoria,"October 10, 2019",,No,24,,2,Yes,Yes,"Helps,Alto,Loveday,Thornton-Joe,Potts,Young,Dubow,Isitt",,Replaced 2 unoccupied homes
615 Bryden Court,V9A 4Y6,Esquimalt,"October 7, 2019",,No,2,,,Yes,Yes,"Morrison,Brame,Vermeulen,Desjardins,Armour,Helliwell,Hundleby",,
952 Johnson St. and 1400 Vancouver St.,V8V 3T7,Victoria,"September 19, 2019",,Yes,93,,0,Yes,Yes,"Helps,Alto,Loveday,Thornton-Joe,Young,Potts,Dubow,Isitt",,If CMHC funding is received for the development any cost savings shall be used to make a portion of the dwelling units affordable
1416/1418 St. David St,V8S 4Z3,Oak Bay,"September 12, 2019",,No,1,0,0,,Yes,"Murdoch,Appleton,Zhelka,Paterson,Ney,Green",Braithwaite,Duplex to triplex
3582 Richmond Road,V8P 4R2,Saanich,"September 10, 2019",,No,1,0,0,Yes,Yes,"Brownoff,Harper,de Vries,Haynes,Chambers,Mersereau,Plant",,Brice and Taylor away; conversion of SFH to duplex
2031 Runnymeade,V8S 2V7,Oak Bay,"September 9, 2019",,No,1,0,0,,Yes,"Green,Paterson,Zhelka,Ney","Appleton,Murdoch,Braithwaite",Lot subdivision.
"819-823, 825 and 827 Fort St",V8W 1H6,Victoria,"September 5, 2019",,Yes,100,,0,Yes,Yes,"Helps,Alto,Isitt,Thornton-Joe,Loveday,Young",Dubow,Potts absent
2566-2580 Fifth Street,V8T 4A8,Victoria,"September 5, 2019",,Yes,64,12,,No,Yes,"Helps,Alto,Loveday,Thornton-Joe,Young,Dubow,Isitt",,"Potts Absent, OCP amendment included with application, 10% of units affordable, another 10% affordable for 5 years.  3 homes demoed that had been owner occupied and vacant at time of hearing."
1284-1298 Gladstone Ave and 2000-2004 Fernwood Rd.,V8T 1G6,Victoria,"September 5, 2019",,Yes,10,,0,Yes,Yes,"Helps,Alto,Loveday,Thornton-Joe,Young,Isitt,Dubow",,Potts absent.  Permit live/work on the ground floor of the existing heritage-designated building
3970 Wilkinson Road,V8Z 5A2,Saanich,"August 13, 2019",,No,4,0,0,,Yes,"Haynes,Brice,Brownoff,Harper,Chambers,de Vries,Mersereau,Plant,Taylor",,1 lot split into 5; 4 new homes
5147 Del Monte Avenue,V8Y 1W9,Saanich,"August 13, 2019",,No,4,0,1,,Yes,"Haynes,Harper,Taylor,de Vries,Mersereau,Plant,Chambers,Brice",Brownoff,Lot split into 4; 4 new dwellings as existing building decommissioned; also added land to Doumac Park
1712 & 1720 Fairfield Rd.,V8S 1G3,Victoria,"August 8, 2019",,No,20,2,,,Yes,"Helps,Alto,Potts,Dubow,Isitt","Thornton-Joe,Young",Loveday absent
945 Pembroke Ave,V8T 1J1,Victoria,"July 25, 2019",,No,12,1,,Yes,Yes,"Helps,Alto,Loveday,Thornton-Joe,Young,Potts,Isitt",,Dubow absent
2921 Gosworth Rd,V8T 3C7,Victoria,"July 25, 2019",,No,1,,,,No,"Helps,Alto","Thornton-Joe,Young,Potts,Isitt,Loveday",Dubow absent
916 Old Esquimalt Rd & 920 Old Esquimalt Rd,V9A 4X3,Esquimalt,"July 15, 2019",,No,5,,2,Yes,Yes,"Vermeulen,Morrison,Brame,Hundleby,Desjardins,Armour,Helliwell",,
"2590, 2594, 2598 Penrhyn Street",V8N 1G3,Saanich,"July 15, 2019",,No,14,,,,Yes,"Brice,Harper,Taylor,Plant,de Vries,Mersereau,Haynes","Brownoff,Chambers","First hearing on June 18, 2019, voted July 15, 2019; $55,000 contribution to sidewalk construction; $28,000 Saanich Affordable Housing Fund; $5,000 to protect tree"
3949 Shelbourne Street,V8P 4J2,Saanich,"July 15, 2019",,Yes,76,,0,,Yes,"Brice,Brownoff,Chambers,de Vries,Mersereau,Harper,Plant,Taylor,Haynes",,"First hearing on June 18, 2019, voted on July 15, 2019; $3825 contributed for tree replacement"
"3447, 3449, 3451, 3461 Cook Street",V8X 1B3,Saanich,"July 9, 2019",,Yes,32,,,,Yes,"Brice,Brownoff,Chambers,de Vries,Taylor,Harper,Plant,Mersereau,Haynes",,"Rental for 10 years; contribution of $32,000 to Cloverdale Child Care Society"
899 Esquimalt Road,V9A 3M5,Esquimalt,"July 8, 2019",,No,57,,,,Yes,"Morrison,Brame,Vermeulen,Armour,Helliwell,Hundleby,Desjardins",,Included an urgent primary care centre
602 Newport Ave,V8S 5C1,Oak Bay,"July 8, 2019",,No,1,0,0,,Yes,"Braithwaite,Appleton,Murdoch,Ney","Zhelka,Paterson,Green",Retain heritage home & facilitate a 2 lot single family home on second lot behind heritage home
210 Gorge Road E,V9A 1L5,Victoria,"June 27, 2019",,Yes,72,72,21,Yes,Yes,"Helps,Dubow,Loveday,Thornton-Joe,Potts,Isitt",Young,Alto withdrew.  Rental & supportive housing with coffee shop
919 & 923 Caledonia Ave,V8T 1E7,Victoria,"June 27, 2019",,Yes,19,,,Yes,Yes,"Helps,Alto,Isitt,Loveday,Thornton-Joe,Young,Potts,Dubow",,One tenant relocated while original heritage home is renovated.
331 and 337 St. Charles St.,V8S 3N1,Victoria,"June 27, 2019",,No,2,,0,,Yes,"Helps,Alto,Loveday,Dubow,Potts","Thornton-Joe,Young,Isitt",Subdivide 2 lots to create a 3rd and construct single family with suite
2506/2512 Wootton Cres.,V8R 5M8,Oak Bay,"June 24, 2019",,Yes,1,0,0,,No,"Zhelka,Paterson,Green","Braithwaite,Appleton,Murdoch,Ney","changing zoning from 1 family to 2 family thereby removing legal ""non-conforming"" status of the duplex and allowing 2nd storey addition"
1068 Chamberlain St,V8S 4B9,Victoria,"June 13, 2019",,Yes,3,,1,Yes,Yes,"Helps,Alto,Dubow,Isitt,Loveday,Potts,Thornton-Joe,Young",,
2832 & 2838 Shakespear St.,V8V 4H1,Victoria,"June 13, 2019",,No,1,,,Yes,Yes,"Helps,Alto,Dubow,Loveday,Thornton-Joe,Young,Potts,Isitt",,
1158 Craigflower Rd,V9A 2Y3,Esquimalt,"May 27, 2019",,No,4,,1,Yes,Yes,"Morrison,Brame,Vermeulen,Armour,Hundleby,Desjardins",,Helliwell absent
"914, 916 Dale Street",V8X 2W1,Saanich,"May 14, 2019",,No,3,0,2,,Yes,"Brice,Brownoff,Harper,Taylor,de Vries,Chambers,Plant,Mersereau,Haynes",,Subdividing two lots to add one (3 total);  the existing buildings torn down and replaced
1360 Hastings Street,V8Z 2W2,Saanich,"May 14, 2019",,No,1,0,0,,Yes,"Brice,Brownoff,Chambers,de Vries,Harper,Plant,Taylor,Mersereau,Haynes",,Existing dwelling retained and expanded to be duplex
224 Superior St,V8V 1T3,Victoria,"May 9, 2019",,No,5,,,Yes,Yes,"Helps,Alto,Loveday,Thornton-Joe,Young,Potts,Dubow",,Isitt absent
630 and 640 Constance Ave and 637 Nelson St.,V9A 6N7,Esquimalt,"May 6, 2019",,Yes,71,,,,Yes,"Brame,Vermeulen,Armour,Hundleby,Desjardins,Helliwell",Morrison,
926 & 932 Pandora Ave.,V8V 3P3,Victoria,"April 25, 2019",,Yes,148,15,,Yes,Yes,"Helps,Alto,Thornton-Joe,Young,Potts,Loveday","Isitt,Dubow",
1555 Ash Road,V8N 2S9,Saanich,"April 19, 2019",,No,3,0,0,,Yes,"Harper,Brice,Brownoff,Chambers,Mersereau,de Vries,Taylor,Plant,Haynes",,1 existing lot subdivided to create 3 more; designated 1555 Ash a heritage site
901 Selkirk Ave,V9A 2T9,Esquimalt,"April 15, 2019",,No,3,,,Yes,Yes,"Brame,Morrison,Armour,Desjardins,Helliwell",Hundleby,Vermeulen absent
1150 McClure St,V8V 3G2,Victoria,"April 11, 2019",,No,2,,,Yes,Yes,"Helps,Alto,Loveday,Thornton-Joe,Potts,Isitt,Dubow",,Young Absent
430 Parry St.,V8V 2H7,Victoria,"April 11, 2019",,No,12,2,2,Yes,Yes,"Helps,Alto,Loveday,Thornton-Joe,Potts,Isitt,Dubow",,Young absent
1491 Edgeware Road & 2750 Gosworth Road,V8T 3C3,Victoria,"April 11, 2019",,No,4,,,Yes,Yes,"Helps,Alto,Loveday,Thornton-Joe,Potts,Isitt,Dubow",,Young absent
1417 May St.,V8S 1C2,Victoria,"March 28, 2019",,Yes,4,,1,Yes,Yes,"Helps,Alto,Loveday,Thornton-Joe,Young,Potts,Isitt,Dubow",,
931 Redfern St,V8S 4E7,Victoria,"March 28, 2019",,No,3,,,Yes,Yes,"Helps,Alto,Loveday,Thornton-Joe,Young,Potts,Isitt,Dubow",,
3989 Holland Avenue,V8Z 5K2,Saanich,"March 19, 2019",,No,3,0,0,,Yes,"de Vries,Harper,Plant,Mersereau,Brice,Taylor,Haynes","Brownoff,Chambers",Rural to single-family dwelling rezoning for subdivision (3 additional lots)
1303 Fairfield Road,V8S 1E3,Victoria,"March 14, 2019",,Yes,15,1,,No,Yes,"Helps,Alto,Loveday,Thornton-Joe,Potts,Isitt,Dubow",,Young withdrew.  Application included OCP amendment.
"505, 517, 519 and 521 Quadra St and 931 Convent Place",V8V 3S2,Victoria,"February 28, 2019",,Yes,48,4,,Yes,Yes,"Helps,Loveday,Thornton-Joe,Young,Potts,Isitt",,Alto & Dubow absent
1198 Munro St,V9A 5P6,Esquimalt,"January 21, 2019",,No,1,,,Yes,Yes,"Brame,Morrison,Vermeulen,Armour,Hundleby,Desjardins,Helliwell",,
471 Kinver St,V9A 6C5,Esquimalt,"January 21, 2019",,No,2,,1,Yes,Yes,"Brame,Morrison,Vermeulen,Armour,Hundleby,Desjardins,Helliwell",,
1400 Quadra St.,V8W 2L1,Victoria,"January 17, 2019",,Yes,113,,,No,Yes,"Helps,Loveday,Alto,Thornton-Joe,Young,Potts,Isitt,Dubow",,OCP Amendment
1501-1503 Haultain St.,V8R 2K1,Victoria,"January 17, 2019",,Yes,3,,,Yes,Yes,"Helps,Alto,Loveday,Potts,Thornton-Joe","Isitt,Dubow,Young",
622 Admirals Rd,V9A 2N7,Esquimalt,"January 7, 2019",,No,152,12,,Yes,Yes,"Brame,Morrison,Vermeulen,Armour,Hundleby,Desjardins,Helliwell",,"Seniors accommodation, 12 units non-profit legion veterans"
1300 Yates,V8S 1Z9,Victoria,"December 13, 2018",,Yes,1,,,Yes,Yes,"Helps,Loveday,Alto,Thornton-Joe,Young,Potts","Isitt,Dubow",
1109 Lyall St.,V9A 5G3,Esquimalt,"December 3, 2018",,No,2,,,Yes,Yes,"Morrison,Brame,Helliwell,Hundleby,Vermeulen,Armour",Desjardins,
939 Colville Rd and 825 Lampson St,V9A 6B4,Esquimalt,"November 26, 2018",,No,10,,1,Yes,Yes,"Morrison,Brame,Vermeulen,Armour,Helliwell,Hundleby",,Desjardins absent
1046-1048 North Park St.,V8T 1C6,Victoria,"November 22, 2018",,Yes,34,34,,Yes,Yes,"Helps,Alto,Thornton-Joe,Young,Potts,Isitt,Dubow",,Loveday absent.  Supportive care home.
27 Pilot St.,V8V 2A5,Victoria,"November 22, 2018",,Yes,1,,,Yes,Yes,"Helps,Alto,Thornton-Joe,Young,Potts,Isitt,Dubow",,Loveday absent
2501 Blanshard St,V8T 4J5,Victoria,"November 22, 2018",,Yes,34,34,,Yes,Yes,"Helps,Alto,Loveday,Young,Potts,Isitt,Dubow",,Thornton-Joe withdrew
1139 Chapman St.,V8V 2T5,Victoria,"November 8, 2018",,No,2,,1,Yes,Yes,"Helps,Alto,Loveday,Thornton-Joe,Young,Potts,Isitt,Dubow",,
423 Edward St.,V9A 3E8,Victoria,"November 8, 2018",,Yes,1,,,Yes,Yes,"Helps,Alto,Loveday,Thornton-Joe,Young,Potts,Isitt,Dubow",,
944 Heywood Ave,V8V 2Y3,Victoria,"November 8, 2018",,No,2,,1,No,Yes,"Alto,Isitt,Loveday,Potts,Thornton-Joe,Young","Helps,Dubow",